[
    {
        "id": 1,
        "nome": "Feijoada",
        "preco": 32.9,
        "descricao": "Feijoada completa com arroz, couve refogada, laranja e farofa.",
        "imagem": "../images/fotosCardapio/feijoada.png"
    },
    {
        "id": 2,
        "nome": "Bife à Parmegiana",
        "preco": 29.5,
        "descricao": "Bife empanado com molho de tomate e queijo gratinado, acompanhado de arroz e batata frita.",
        "imagem": "../images/fotosCardapio/bife_parmegiana.png"
    },
    {
        "id": 3,
        "nome": "Moqueca de Peixe",
        "preco": 37.0,
        "descricao": "Moqueca de peixe com leite de coco, pimentões e dendê, acompanhada de arroz e pirão.",
        "imagem": "../images/fotosCardapio/moqueca_peixe.png"
    },
    {
        "id": 4,
        "nome": "Frango Grelhado",
        "preco": 27.9,
        "descricao": "Frango grelhado, acompanhado de arroz, feijão, batata frita e salada",
        "imagem": "../images/fotosCardapio/frango_grelhado.png"
    },
    {
        "id": 5,
        "nome": "Frango com Quiabo",
        "preco": 24.5,
        "descricao": "Frango ensopado com quiabo, acompanhado de arroz e angu.",
        "imagem": "../images/fotosCardapio/frango_quiabo.png"
    },
    {
        "id": 6,
        "nome": "Caipirinha",
        "preco": 12.0,
        "descricao": "Tradicional drink brasileiro feito com cachaça, limão e açúcar.",
        "imagem": "../images/fotosCardapio/caipirinha.png"
    },
    {
        "id": 7,
        "nome": "Guaraná",
        "preco": 6.0,
        "descricao": "Refrigerante brasileiro de guaraná, servido gelado.",
        "imagem": "../images/fotosCardapio/guarana.png"
    },
    {
        "id": 8,
        "nome": "Suco de Maracujá",
        "preco": 8.5,
        "descricao": "Suco natural de maracujá, refrescante e saboroso.",
        "imagem": "../images/fotosCardapio/suco_maracuja.png"
    },
    {
        "id": 9,
        "nome": "Cola-Cola",
        "preco": 4.0,
        "descricao": "Refrigerante de cola, servido gelado.",
        "imagem": "../images/fotosCardapio/coca_cola.png"
    },
    {
        "id": 10,
        "nome": "Água de Coco",
        "preco": 7.0,
        "descricao": "Água de coco natural, servida gelada.",
        "imagem": "../images/fotosCardapio/agua_coco.png"
    },
    {
        "id": 11,
        "nome": "Torta de Brigadeiro",
        "preco": 10.5,
        "descricao": "Doce tradicional brasileiro feito com leite condensado e chocolate. (fatia)",
        "imagem": "../images/fotosCardapio/torta_de_brigadeiro.png"
    },
    {
        "id": 12,
        "nome": "Pudim de Leite",
        "preco": 9.0,
        "descricao": "Pudim de leite condensado com calda de caramelo. (fatia)",
        "imagem": "../images/fotosCardapio/pudim_leite.png"
    },
    {
        "id": 13,
        "nome": "Açaí na Tigela",
        "preco": 14.0,
        "descricao": "Tigela de açaí com granola e banana.",
        "imagem": "../images/fotosCardapio/acai_tigela.png"
    },
    {
        "id": 14,
        "nome": "Cocada",
        "preco": 5.0,
        "descricao": "Doce de coco tradicional brasileiro.",
        "imagem": "../images/fotosCardapio/cocada.png"
    },
    {
        "id": 15,
        "nome": "Quindim",
        "preco": 6.5,
        "descricao": "Doce brasileiro de gema de ovo, coco e açúcar.",
        "imagem": "../images/fotosCardapio/quindim.png"
    }
]